original,connected,weight
4631778955,4631778956,6.36571454625868
2048462886,3828399220,6.92581863555275
4670358033,4670358031,14.1721812615986
4670358032,4670358030,14.176636147885901
4685473177,4685473178,9.03443615929848
4685480468,4685480484,3.21330571015175
4183864404,4685480467,1.6430766241547001
2048462904,4685480466,1.93170599246616
597262516,597262517,15.1882184505749
597262517,4181601813,3.9257904689058796
4181601813,1904250971,4.83924922175003
4181658454,597262516,9.04994015764067
4696023741,4696023742,0.7868193384025101
4696023739,4696023740,0.887667526404646
4696023739,4696023738,0.59376346404993
597262474,4735628235,15.6769337886852
4735628231,4735628232,2.76325191398765
5034061191,5034061190,6.02028194405296
5034061186,5034061185,17.4608958581856
5034061180,5034061179,14.1310152317422
5034061179,5034061178,11.4402858802257
5034061185,5034061183,12.1445746416128
5034061183,5034061180,8.85751343643189
5034061187,5034061186,2.35097369265841
6005220882,5034061191,25.929369933907203
3768408737,5034061187,4.647257688435181
5034061200,6005220882,7.80907655587111
5034061178,5034061175,13.2604015248064
5034061190,3768408737,2.75786484532901
436862086,355063175,17.0778908528024
595750358,595750359,1.23902278512902
7516311144,595760166,1.4228839497807
3828399480,3828399481,1.33180570804019
597262475,872558337,3.88775426903324
595760135,875533115,1.2707355429331701
2110338712,1904250977,5.35344550631244
917142627,765870470,7.73183231396609
597262546,1904250971,16.670743905366002
2750509426,1904250987,2.63815147488536
1904250981,1904250969,3.09547774678613
597262591,1904250980,11.512230047350801
436861500,1326196641,8.00501442851169
1326196641,7513261044,12.3644296804918
1433691633,1433691585,4.2377240943402
355403884,2048462963,6.49741038904255
436862084,2048415316,16.589435066293298
3828399489,2152737481,3.15526272835371
595760166,595750358,7.41697629534158
5034061175,7527831655,1.8107873013066702
1904250971,2110338712,16.7810438712332
872558337,597262591,4.4749815381383495
2477250031,2280678836,6.3057804832090705
355063399,3828399470,4.79800909751786
1326196627,4183978814,7.2952179144273
436832396,4131931175,5.59695870942982
917142522,917142627,12.8118270296464
846808283,4184001060,5.12968034585857
4062918115,4131931170,5.65585348409813
4183907783,355403884,3.2016396621711403
436862086,917142522,7.96465910303544
1904250987,4182358243,2.89604774661608
872558393,597262475,6.9727559952366605
917142696,595760171,3.5193379409137
597262582,872558393,10.1101617802288
1904250963,597262582,3.2198212376334197
1904250980,597262546,7.51408573475007
4182358243,1904250981,2.84063159138679
1326160764,1326196564,14.226904867814202
4131931170,436832396,7.9999788211299805
7513261044,1326196627,0.406171989666902
846808283,1326196580,12.546332256065401
765870470,1433691633,4.95238312526538
355063175,2049594031,3.91454209910777
1433691585,2477250031,1.6084227888095501
1904250960,2750509426,10.0903331160462
3828399475,3828399477,4.63199041121487
3828399470,3828399475,4.37267962463112
2048415316,436862086,13.993596113013899
3828399485,3828399489,3.2636420628000997
3828399481,3828399485,6.14415478655246
4184001060,4062918115,5.03750128883431
917142602,4183907785,7.180191459616831
875533115,917142696,8.91422729136149
2048462963,355063399,7.089875497005901
595760171,7516311144,4.8421621387772396
1904250977,7516324185,3.00779965341923
4183907785,4183907783,3.4369806052644796
595750359,1904250963,7.28747910690672
1326196564,436861500,13.149305530430201
3828399477,3828399480,4.22278171315031
7479330210,5034061200,20.5334997486752
436861500,5034061200,1.77079737128637
1904250969,5034061175,14.5080299018137
2049594083,917142602,3.64934158610846
1904250975,1904250960,5.059497015704499
7528331027,1326160764,13.800632414877501
1433691619,436862084,5.42299465607001
2049594031,2049594083,3.57421392072511
7516324185,1904250975,0.5105953704435591
1326196580,7528331027,1.91617290779425
5034061200,1433691619,22.0960553688382
5164654697,5164654698,7.82539136186344
5164654699,5164654701,11.583104837377501
5418415517,5418415516,10.7635270103183
4635108610,4784810914,7.121038891419261
5418415515,5418415514,9.02765391283866
5418416222,5418416221,3.91264378337146
5418415374,5418415373,2.68604996512023
5603927915,5603927916,2.1967026664463902
3734588280,2280678836,2.68104327832778
5999764816,5999764818,2.00445408449443
1433691639,1433691619,6.88588512942376
6008987170,6008987171,12.7906414930113
6005222262,6005222248,6.09659661016941
6005222261,1433691639,0.32407370972948
1433691571,6005220879,12.6030748588687
1433691639,6005222262,0.29080462686139896
6005222247,6005222261,13.251081643614501
6005222262,6005222251,17.3677102099069
917142672,2280678851,2.69573915974673
2049593965,6239485713,7.82255996124414
6391202155,6391202156,1.8452773310676398
2048463002,4670358031,7.60748947557726
7483879014,7483879016,9.01030313366996
7483879021,7483879022,1.85111929718676
7483879290,7483879291,2.96867965907555
7483988598,7483988599,1.8784957580236898
7483879288,7483879289,3.48349214641535
4181719223,4181719224,7.80598902321664
355779944,7513254339,13.0255527348951
7516311146,7516311145,6.86857638876724
7535653477,7535653476,6.05024016604779
7516324184,4182358256,4.4546147772674205
7535661789,7535653482,8.786912906242609
7527831195,860338485,6.28427032351985
7535661792,7535661790,6.41835951792432
860338460,860338420,2.35889492107755
2049593967,2049594041,7.64540182706547
7527831198,7527831199,8.67714359825669
7509242928,2204149206,5.0491039140411305
2204149202,7509242928,1.1896195740547901
7513254341,7513254340,13.9669830686578
7520731936,7520731934,14.419563499906701
7528355335,2049605125,7.3778178840790405
4181719226,4181719227,6.07589566623355
4184001065,4184001066,3.35884716598668
2049594083,2049594052,7.88337453036681
2048463002,3828399252,6.25984345346558
7535653481,7535653478,10.4630646745514
7520731927,7520731926,7.88267208475187
7531811473,7531811471,5.62804689712683
860338420,4182358251,9.44387365210197
917142602,4183907787,4.54742807499294
7520731937,4685480484,6.5499287269541595
7517374406,7517374405,6.6471420887357295
3828399252,597262605,3.2821030926377297
2049605094,4631778955,3.9160264363778503
7528331028,7528331027,8.27006028624491
917142626,4183907761,14.8231244727481
7527831192,7527831191,6.37900504327399
4183907753,4183907754,7.787859989043421
872558203,872558322,7.541629674239211
7520731933,7520731932,7.72231788529956
2049594063,5160235365,7.71270484992821
7516311150,7516311147,6.72214915101887
4183907787,4183907752,4.39991254238769
860338499,860338460,6.53335195145755
7527831447,7527831448,11.8607103779701
7531811478,7531811476,9.87567502734014
7531811475,7531811474,13.9147832049898
5418415936,1433691583,6.05917548953576
4181719254,7516324198,7.60852826675883
7517374410,7517374407,8.56166506292738
7520731930,7520731931,8.26422942463183
7528355334,7528355333,4.42852924970345
4182358256,7516324183,4.47133409738776
3828399488,3828399492,4.47466829881614
917142516,3828399483,4.78376694895396
3828399483,3828399488,4.28596722194484
7509242898,7509242897,7.595953027435721
4182358261,860338504,5.58099670571084
7528355420,7528355423,3.2027151806811
7516324182,4181719220,3.2360091679198
7516324182,7516324181,6.3377192581284
7516311156,7516311155,3.11645131235755
7528355421,7528355420,12.0045816462513
4181719232,7528355420,3.23813302995404
7520731924,7520731923,6.00832318631768
7509242897,7509242896,5.46171139315076
7517357223,917142571,2.74875291403416
3828399475,3828399466,4.37073080556327
7520731929,7520731928,3.6483784310043297
7516311161,7516311160,3.16966760897001
4631778955,7516324182,8.374822493739469
7531811480,7531811479,3.06749927692
4670358036,355063397,5.6227534514207695
2048462929,355063397,6.781744711296289
2048462941,355065352,3.25648061948309
355127303,355065352,14.1879589754362
2048415321,355065354,4.0475245469378
846808297,355126396,5.01109262286411
846808358,355403568,5.05042815906044
355403698,355403569,7.99055648529431
355063175,355403569,7.675187087440721
846808285,355403697,9.10802631386117
355403568,355403698,4.00159893816925
2048462926,355779944,1.88868028095253
4182358248,596482732,8.23435968724343
4183907893,2048415318,3.76938627595394
355403697,2048415320,5.38948550527711
355403697,2048415321,3.94118974905586
355065352,2048462892,6.11475524987911
4670358038,2048462900,2.6398348113435803
4183870290,2048462904,2.81328386055229
355065352,2048462926,6.70058484824806
2048462979,2048462927,3.8114496792773402
355063396,2048462929,8.711129251010771
2048463013,2048462941,2.84400771282646
4183907901,2048462971,4.94753313659672
2048462904,2048462979,1.22605662053549
355063397,2048463013,6.18861308187289
4181719224,2049605097,4.05624981674724
4181719235,2049605099,1.51994718790463
2049605099,2049605107,6.21193944193855
4670358033,3828399216,0.566104147897016
4670358032,3828399220,0.783502805371133
355063397,3828399228,6.8190298465378705
2049605107,4181719224,4.58271864204959
286490247,4181719235,4.9549732365336805
2049605097,4182358248,6.02135727676394
3828399228,4183864403,7.40948538152597
4183870289,4183864404,14.2408109521716
4183907903,4183864404,2.77535630727747
7517374406,4183870289,4.8304595016272005
4183907750,4183870289,6.59799438344363
355403569,4183870290,13.4396088725515
2048415318,4183870290,4.2277674487400905
7513254339,4183907750,1.79776851061681
2048462971,4183907751,7.54431727137802
4685473177,4183907893,5.56085479991995
355126396,4183907893,3.9847019381613102
355779944,4183907894,7.6770357597119006
4183864404,4183907901,2.37304244406652
2048462927,4183907903,4.3165566584166
355065351,4670358032,3.5080962834517697
3828399220,4670358033,2.2857284971814
2048462900,4670358036,0.297118127132447
3828399216,4670358037,2.39460458012681
4670358037,4670358038,0.44195662163247
2048415320,4685473177,3.20775669783007
355404270,7513254339,6.964893169058141
2048462892,7517374406,1.26512310854503
597262528,596482732,7.95354722866887
597262530,597262504,3.71165626315553
597262493,597262494,9.03993673536884
917142485,3828399518,3.73080241130367
872558252,872558354,15.026629498674001
597262497,597262512,7.809791548519129
2152737460,3828399481,6.78439269791514
595750359,872558332,15.5152424711458
3828399481,917142475,7.9680144788425595
597262548,2770015875,15.2671810047967
2152737459,3828399254,7.70700188888148
597262481,597262482,5.60933855458015
597262487,4181601813,7.75912598737424
872558200,860338476,12.2542850693475
4183827341,2280678850,15.480569983602601
597262517,597262528,6.90794245897757
597262500,597262501,2.31741268914435
597262528,597262529,15.1917727142885
597262504,597262503,2.12248798336243
597262501,597262503,3.63587467105067
597262538,597262476,6.781576546500391
7516311146,597262476,3.94700027942264
597262476,597262477,5.4105662669801395
3828399518,4183827341,4.03883034798778
1905044342,597262530,7.85140602767091
597262529,597262530,5.46452377114496
597262508,597262490,8.06882441210622
2152737514,2152737459,13.7049749291896
860338476,733859260,5.49051867700945
872558332,872558252,14.010047973789401
597262490,597262509,7.11793445763923
917142475,917142485,12.6344751347666
3828399254,2152737460,7.06085629537268
597262492,597262517,2.91529294386016
597262504,4181658454,5.708035921896419
597262481,597262560,6.86055410371266
872558393,7516311145,4.66111957144983
597262508,597262487,1.72098438796739
597262511,597262497,7.4302243607164
597262511,597262508,5.68037044313521
597262560,4735628232,6.77583831857161
4735628232,4735628235,0.45644953883135003
597262546,597262548,8.60043142744615
4735628235,597262548,6.39151746392415
872558354,872558200,11.2069477621237
597262477,597262480,6.778585798344849
597262538,597262480,5.3868882597325705
597262475,7516311146,4.61164068650577
597262548,597262511,6.20729549692931
597262476,597262481,6.98866072472684
597262482,7516311156,1.32382027432574
597262490,597262492,11.138183921417701
597262487,597262492,1.50303801730724
7516311145,597262538,3.9296537251261805
597262497,597262499,9.8869698587595
872558181,872558393,5.52296840879413
872558250,872558354,7.37541157726249
872558327,860338476,7.19701751098377
872558269,872558332,7.436169703456601
7535653481,765870499,6.749083653960691
872558273,872558372,3.63094790968046
3828399523,4183857878,3.8350992077653103
3828399517,4183857878,5.58946071888414
860338576,860338573,4.07416172729999
860338463,4182358256,9.40753340663357
860338439,860338550,7.48569066856602
860338442,860338550,7.1831244576711395
872558171,4182222511,7.47618064582746
872558252,4182222511,7.37637728619053
4183907771,4183907774,3.85725257550261
917142742,4182218091,12.5876700842757
1904250969,4182358249,9.15674062053472
7527831192,860338503,1.73801303738619
4406825370,894391710,10.7982212563573
5164654701,5164654698,2.59632237934526
860338563,4182358259,5.83178048402624
860338524,4182358259,3.19757929450994
355063181,6008987170,5.75762263428994
860338436,4182358250,5.75951842484326
875533155,917142570,6.684016484617151
917142569,917142570,14.9385268651411
860338517,3242819187,3.88944650558577
860338423,3242819187,8.84259772122624
7516324196,4182358261,0.20249017397381103
872558364,872558337,14.772436009672699
860338448,860338485,7.302530267173419
2280678834,1433691591,7.87871095499869
860338581,860338423,9.4904514822138
860338541,860338423,3.6856333161465598
917142664,7483879288,4.57016898468817
875533115,917142742,12.4452486319792
4183857878,3828399521,6.1530477836135296
872558290,872558392,7.50840583737609
872558361,872558392,2.68890495791087
860338529,860338435,1.5497165017349999
860338510,1904250977,7.787150718233311
5034061179,1872569976,1.64587898570195
872558343,872558232,7.58326540684714
860338435,860338424,10.898261422831201
872558270,860338589,7.5449585094873
872558335,872558181,1.34567657424031
860338555,867095692,1.6708726139442098
4183857879,3828399526,3.8530514724648
1433691646,860812978,5.53870008246609
860338550,860338547,6.50265246015759
860338494,860338547,7.25200387737552
4182358260,860338524,3.2744414390757397
860338544,860338524,13.237310040552401
872558346,860338468,6.67214353486752
917142687,4182218098,5.8793858166925705
860338479,860338442,4.297179008489421
860338515,7527831192,5.83197948377469
917142644,917142647,7.921526682166091
7517357227,4183907771,2.81836595415094
7483879288,7483879290,0.15539822631678699
4183907760,917142533,5.60686078253627
3828399535,7535653481,0.958693179166217
860338546,860338529,1.42758143013656
4182358262,860338529,5.538436420897471
860338547,860338513,7.08154259702073
4182358250,860338513,0.964872717276552
860338541,860338565,2.0000260098972302
860338555,872558180,19.3842711299672
6008987170,894391809,0.672552107887729
894391813,894391809,15.4200577642083
4182218109,4182218107,1.5795539998869201
872558203,872558286,3.15308261105722
894391813,3828399172,17.4460023487554
4183907784,4183907768,2.69848724931832
4182218097,917142665,6.461438987507781
917142664,917142665,6.06679046224832
872558301,872558325,13.7591085796085
1904250980,872558325,6.08716027282476
2049594000,2049594041,3.21209802111454
860338441,872558374,14.8222630547377
872558325,872558374,3.40996451325116
7520731930,871417860,5.45012498980769
4183907756,4183907760,4.56845222124481
860338577,860338584,2.80414918535501
6598411369,860338584,4.14083815999884
860338553,860338564,1.16807896211185
860338498,860338564,11.1038596906384
4182218089,917142757,8.46536946964558
4182218107,4182218105,1.6213582016048398
860338436,860338484,6.86603101639646
860338547,860338484,6.66133663073875
917142533,4183907761,7.707327918927921
872558197,872558221,3.81049970366844
4182218110,4182218109,1.56288169339806
4183907768,4183907782,0.6579815170949199
860338537,860338454,7.646347890520561
917142672,860338454,6.58220029720446
860338446,860338540,3.30276219360075
860338503,860338505,1.99546052810188
860338592,860338505,3.14913966012999
860338448,860338433,6.43676722465235
2280678841,2477250029,5.84838245441204
860338500,860338465,3.98777626880306
7527831191,860338465,4.86943433685412
921145156,860338480,8.613453652700269
860338483,860338425,11.0165035824846
860338584,860338425,6.19334694233129
2048462945,894391837,4.81487969124802
860338521,860338586,2.02609164833633
860338557,860338466,3.16892179873091
860338505,860338466,3.15312572539788
3828399500,3828399502,0.967715725211962
597262570,860338561,5.32293491221983
860338517,6598411369,6.54543118012302
917142644,7483988598,1.55486566829419
5164654698,4183907754,3.54120356927546
860338452,860338436,4.18290089433421
860338561,860338577,3.7837815411292604
3242819187,860338577,12.4885112265992
2280678853,3828399535,7.472540560591151
860338546,860338527,11.2482555308173
7520731932,917142587,4.10145951181371
2477250030,917142587,4.76028953968002
4183907763,7517357227,1.11752113476118
1433691591,860812979,2.39860777032359
1904250981,860338538,9.01884214658884
860338439,860338562,7.59210976653183
7527831193,860338562,4.7623445135432
860338503,7535661789,4.0519404775737495
860338499,860338458,7.22512024442363
917142662,917142664,5.92100219347154
4182218098,917142664,6.3883204902351896
860338452,1904250960,9.279497956519739
872558191,872558303,7.4553445561847695
872558171,872558303,3.57526233482879
872558300,872558199,1.41671286966417
917142641,917142644,6.39165679280392
917142665,917142644,10.5179850124129
2049594041,5160235365,3.44759553157976
872558309,872558203,1.19096963107175
860338548,860338541,9.23439000171996
7516311150,7516311147,2.84956404564265
3828399533,917142507,7.677117889575401
860812979,1433691646,5.36203088999589
917142665,917142666,8.08217215121888
872558290,872558309,1.84173859560015
872558335,872558309,9.409698489772591
860338590,860338554,4.3249301032957
917142687,917142706,5.97709253305162
917142662,917142706,12.2302438301435
872558327,872558343,11.1635137068985
872558200,872558343,7.33994426019805
860338446,860338498,6.02767324064273
860338480,860338498,7.12965699791219
860338496,860338447,17.1497782484086
860338425,860338447,2.74173488039624
860338521,860338510,4.28122161293782
733859395,2280678853,2.80976611634571
765870499,3828399523,3.89195692056879
2280678844,860338555,5.11936668553738
4182218105,4182218103,1.57552992572273
7535661790,860338574,6.29802319175855
860338448,860338574,3.70062047248368
872558193,860338453,3.58015508440698
2280678854,7535653476,5.1812858901655705
860338561,860338492,8.10465090474432
597262567,860338492,6.568077989390891
917142693,7483879016,4.59097186517062
872558191,872558300,1.59940753084754
4406703965,894391813,3.74851515388265
355404270,894391813,6.33769632831847
4183907762,4183907764,3.4804960552081
860338494,860338479,2.33941222691676
872558195,872558220,6.46818617273524
7483988598,4182218112,1.7229596875388602
860338463,860338521,1.15962434550336
860338461,2280678833,9.01218407407803
860338471,860338494,5.840290713034021
860338466,860338494,3.19434283009487
7535661789,7535653482,5.10258363887978
872558232,860338549,7.254806017891541
860338582,860338449,5.54395314586055
4182358261,860338449,2.8412929139729703
860338438,860338520,3.7849855916922897
872558285,860338551,4.16763454496475
860338549,860338551,11.9612610712348
1904250987,7527831185,8.963735468396079
917142676,7483879021,2.20170753090793
872558343,872558250,12.176744174429901
872558220,872558250,7.69928200235712
2049594050,2049594025,3.52124279226487
860338461,7535661790,6.313203792324019
867095709,871417861,4.15614617214435
871417861,7520731930,12.872845557206
917142587,4183907788,7.71734322849088
3828399497,3828399500,2.31456392778016
872558270,4182222512,2.39883624397605
872558243,4182222512,3.4389246050943596
867095687,867095709,5.91034635335644
3242819187,860338499,3.8403904325078897
860338492,860338499,6.3472349462668
860338447,2280678835,6.14308600737499
860812978,765870470,8.36456019964892
3828399515,3828399517,3.5392598385741403
4182218112,4182218110,1.55079390348854
872558322,872558178,13.0821245911055
872558300,872558178,4.0335385536794
872558273,7516311150,3.64182839739055
1326160736,4182358258,8.06105087642391
6239485713,5164654701,0.6965825440960469
4183907752,4183907766,10.0261895672647
860338509,7516324196,2.80280387081377
860338545,860338544,3.50533442509289
872558180,872558327,7.90616864304817
7483879016,917142676,2.12274735252327
860338460,860338536,14.6530613044022
4182218091,917142569,6.00950598127221
4182358254,860338515,1.40582498807246
4182218090,4182218099,3.25372383498724
872558372,872558361,3.19203499770415
872558178,872558361,10.699375503421901
860338465,4182358254,1.68051775056331
2280678847,4183907756,5.805985524568991
872558391,872558306,19.713233915554902
1904250971,872558306,9.67819536519552
860338520,860338497,5.11820102455807
860338423,860338420,3.74295802558197
4183907752,4183907784,3.26446234471737
872558199,872558176,8.61456710548444
872558221,872558350,8.52045309061527
860338520,4182358260,6.689635390701779
597262475,872558390,12.1892585391566
894391710,2048462945,5.14223482544531
860338497,860338553,3.68018816231209
5160235365,6239485713,3.5260076214741196
871417861,867095689,2.00692394529163
872558174,872558335,2.50346927878399
894391809,6008986916,8.003827095331271
860338454,4182218097,5.7148392008307
860338478,860338483,9.98454570344754
860338435,860338483,4.3218313011727805
4182222512,872558164,7.52709726558962
2477250029,2477250030,6.286158233919879
2477250033,2049594050,0.9294711864209549
4183907761,4183907772,5.67775246804702
872558322,872558269,3.01912183613602
872558199,872558243,1.8082711589862002
872558372,872558243,14.671302830172701
872558361,872558174,7.668103515893409
3828399502,3828399504,2.3132530994104803
917142659,917142662,6.27087585794386
2280678851,3828399533,7.51666373307455
872558268,872558370,6.429930996179171
860338449,860338563,3.33100216061698
860338433,860338563,5.64255826107356
917142570,7517357223,0.327277991687086
860338485,5034061185,7.94566566458691
860338425,860338461,14.4795163995482
860338478,860338461,2.60789126079899
917142475,3828399497,4.16859449458196
2280678842,867095687,6.67484122783748
872558253,867095687,11.8929730370548
860338574,2280678827,8.91581744000213
860338500,860338452,5.06827759074746
860338575,860338446,5.33088618173305
4182358253,860338446,9.957866067218621
860338484,7527831191,3.2667335763681202
4182218099,4182218089,3.95457754204933
4182218101,4182218089,2.14872410930256
860338564,921145156,0.255926478731755
7483879290,917142641,5.675087440016879
7517357223,917142641,4.81752673478541
765870470,2477250033,4.883995040398711
4183907769,4183907781,2.76186123028886
4183907774,917142516,2.9732508579268098
917142587,2049594000,3.7506602215761395
6598411369,4182358262,15.153057053703401
860338565,4182358262,2.2800504941288198
4183907772,4183907769,3.9760411394478097
7535653482,860338545,1.5461933979814
860338497,860338559,15.179396757894
860338540,860338559,1.19631537991136
860338540,860338593,5.33912667949225
4183907781,4183907762,1.01111967562678
5034061185,1326160761,1.27401840804262
867095687,860338496,17.007630859571698
867095692,872558253,8.261124918754849
872558375,872558253,7.904188985014871
4183907765,7531811473,0.5812082516002459
860338562,5034061179,5.8128741221456
917142742,917142693,8.98813861954096
733859395,917142687,6.42174709583368
860338454,917142687,5.73853068054351
872558392,872558322,3.14544193347673
860338565,860338517,6.85395838720584
2049594025,7520731932,3.74749890995258
4183907766,4183907753,4.18640746330462
4183907764,4183907753,3.0342798785107
3828399539,4183857879,5.72750410424575
860338544,860338548,3.7198326035470304
860338545,860338438,4.12542135986791
860338553,860338438,10.6846182864072
860338442,7527831193,0.41152614353868905
860338583,860338566,11.3511420741831
3828399504,917142479,3.2694144219155703
860338489,860338509,5.4329347462566
860338559,860338509,1.7972980772623501
860338523,860338463,3.6955877474739802
917142569,4182218090,4.29466302332251
917142641,4182218090,14.918885092729102
860338502,4182358253,1.13037466952965
872558250,872558171,7.42324910737455
867095692,872558285,2.83406570179147
872558227,872558285,19.2597021783169
872558303,872558281,6.13078936399559
7516311147,872558270,5.67501448864256
872558221,872558273,3.6114218575302304
872558390,872558273,5.45773774616558
7535653476,3828399539,4.37135054716383
4182218103,4182218101,1.69064981761823
4183907782,4183907765,2.72703248721144
872558374,872558391,4.649880608277
7531811473,4183907763,2.80458133049257
860338583,860338546,3.07820201433351
917142485,3828399515,4.20970159241746
7483879021,917142770,8.20019333610537
921145156,860338471,2.39426619739513
860338479,4182358257,6.44198350339183
860338471,4182358257,3.5588528719537003
860338560,860338439,3.99961626194291
4182358259,860338583,3.1290838655488202
860338586,860338500,2.36660879037523
860338562,860338502,11.5424437898338
860338480,860338502,4.5676518474239405
872558174,872558290,4.69944881720052
872558306,860338523,17.4159099543162
917142706,860338493,6.465907616486101
4182222511,872558191,3.49037540564713
867095709,597262570,16.9391938145306
875533131,2280678854,2.86276137818522
894391837,4406703965,10.7446962809411
4182381102,1326160736,3.1866514846609197
7527831199,1326160736,14.033793771379399
7531811476,4183978806,3.51491953303115
1326196628,1326196521,1.55164739751806
436832396,1326196556,9.045233595368611
4184001063,1326196556,10.5443681710888
1326196476,1326196598,1.71306966754596
1326196489,4184001068,4.847419354688681
4182381092,4182381104,1.7023092977296599
1326196630,4183978807,3.07039598884585
1326196556,1326196478,8.53173141580943
1326196598,1326196628,1.9055318547393099
1326160736,1326160762,5.15828504528295
5418415374,1326196566,0.992942458869113
1326196640,1326196476,2.5027405312829
1326196597,4183978820,2.31351601212091
1326196656,1326196640,4.12523275094428
4184001068,4184001081,3.2259659223222896
1326196629,4184001061,3.33440271587468
1326196656,1326196540,11.194900809181501
7527831448,1326196540,3.4927021709159396
2477256593,4182381094,3.4966094870706796
1326196571,1326196507,3.54605996880089
1326196521,1326196507,8.84844746225486
7509242927,2280678776,3.4329230683192797
4182381108,4182381106,3.3350947604416
1326196516,1326196509,6.9722364708687605
1326160759,4182381100,2.04372322491882
1326196641,7527831448,4.75567551057297
7509242928,4309649389,10.422405252485401
1326160764,7531811476,4.93454082788112
4182381100,1326160714,1.2673217750627
1326160790,1326160759,3.2556627300795595
1326196569,1326196539,4.72071987240297
4309645208,1326196539,10.7061200703973
4184001061,1326196580,5.08914721283875
1326196613,1326196656,7.241800123943401
7527831447,1326196656,3.44505309902272
1326160786,4182381098,7.6749334463758405
1433691573,1326196489,5.62509954508633
1326196503,5418415517,4.53751455045412
1326196616,7531811474,4.60393312327733
4182381104,4182381102,3.06787326011967
5418415517,1433691573,3.80304377587683
2204149205,1433691573,10.6219536304578
1326196540,1326196611,4.42964012396703
1326196640,1326196611,10.4318264464048
1326196564,1326196611,8.032926294366359
1326196610,4309803045,11.1014443197641
1326196627,7527831447,4.73148386691497
1326160756,7527831199,3.45986964568759
1326196553,4309645208,11.042619284612
2477255855,2477256593,4.04694648331043
1872569976,3958794768,5.7924643603034704
1326160760,4182381095,7.64897595427485
1326196489,4184001064,4.17222742605397
2204149206,4184001063,7.6144869055239095
1326196478,1326196629,5.04756935478569
1326196598,1326196571,9.57057281162816
1326196611,1326196571,4.01932331754268
4183978820,4183978809,2.70044486354431
4183978808,4183978809,7.44800122569726
4184001064,1326196647,9.00657399196879
1326196584,1326196546,6.97097169614234
1326196507,4183978819,4.22502451866705
1326196539,1326196615,4.55639172491406
4309803045,1326196615,10.5913625537076
1326196539,1326196630,8.39981264970387
1326196481,1326196630,4.626332851009041
1326196557,1326196564,8.38127763049173
4183978819,4183978808,2.8688016176702
1326160764,4183978808,8.010391614065899
1326196615,1326196495,10.7096267094425
1326196645,5418415374,5.94850091774615
4182381106,1326160742,4.5137308493839905
4183978806,7531811475,5.3892056905454
1326196521,1326196597,1.8458365514652701
1326160714,4182381092,3.35193260192504
1326196566,2204149205,3.2982121373942
1326196478,1326196481,4.5618004225659
1326196569,1326196481,8.57219813736602
4184001081,7509242927,0.746170178132479
7531811474,1326196557,2.55111251840931
436832396,1326461855,4.8805785028076
1326160740,4182381096,7.61898415417604
1326196568,1326196582,6.91451022736423
1326196613,1326196583,6.73668148689652
1326196476,1326196583,7.18865278524725
1326196556,1326196569,4.68260059421131
4309649389,1326196569,10.5429246979655
3958794768,4182381108,8.90712901852541
7531811475,4183978804,4.34536368854575
1326196615,4183978804,4.69076596403667
4182374188,1326160790,3.43500410877285
1326196601,1326196538,6.9560265550216105
4184001065,2204149205,9.74292469940845
1433691586,860812979,14.6862631596666
1433691588,4184001065,8.94004166413428
1433691615,7513254340,3.88958341730227
7513254341,1433691643,3.9542246505269
1433691563,7520731934,3.72065660109972
7513261044,7479330210,1.6335744979812499
1433691646,1433691633,13.5149667627995
5418415516,4184001062,4.66966207147237
7479330210,4183978799,8.076608465369981
1433691582,1433691583,3.93171412504675
4183978800,4183937324,13.452421916690401
1433691643,4183937324,20.9857413290826
2204149205,5418415516,3.63100194660194
4183978799,4183978800,6.767343044587319
1433691586,1433691612,4.83119597291645
1433691583,1433691612,12.220453621915201
1433691583,2280678809,4.8981790589252805
1433691612,2280678832,4.96269267519979
1433691591,1433691585,16.9207148143716
7513254340,1433691625,5.21249845449184
5034061191,1433691571,7.73928573404433
1433691582,1433691586,11.721844730281001
1433691571,1433691582,8.59035347637073
1433691643,1433691615,14.0003526912029
7520731934,1433691621,10.6452182698263
355403568,355126396,13.224594532036201
872558164,860338589,2.2561139451140297
872558370,860338468,2.4241296682306
733859395,917142672,5.74045540275109
2048415321,2048415318,14.1201690225112
875533131,733859395,12.400838004383
1326196610,1326196553,4.63890839336774
1326196566,1326196509,3.77863194442563
1326196647,1326196610,4.68519947433791
1326160760,1326160740,3.2727630329458797
860338468,860338453,4.32307111759182
860338589,872558197,12.3487775398726
872558197,872558350,4.74096038466329
872558375,867095689,11.8812166016464
860338549,872558195,13.667067497866901
860338453,872558164,5.26814392187095
872558195,872558370,1.8374570926636502
1326160756,1326160761,7.03446940943237
872558350,872558364,3.1505182960347797
872558364,860338441,2.23439519222193
1326196509,1326196601,3.71503174740388
1326160740,1326160786,3.210630262981
7520731937,4183907750,9.79263690153094
7527831198,1326160756,4.31765450200676
2048415317,2048415320,2.85887596633637
2049594043,2049594025,7.698062591411571
2048462951,3828399216,6.89896817618843
4182374178,1326160760,3.34668744863648
2049593994,2049594050,7.664065637368731
2048462918,4670358038,6.926056108129271
4181719233,1904250969,5.3119578218101
2048462961,2048462927,6.386863809154709
2048462871,4670358036,6.95069172017818
4631791324,872558375,4.3421306391489205
4181719232,286490247,4.23374780358069
2049594045,2049594000,7.729752970216801
2152737453,2152737460,8.81359334724942
3828399217,2048463013,7.00347917734167
2048462967,4183907751,2.1589548206398
4182374180,4182374183,3.63023454628321
2048462890,4183907897,6.4809638960435
7517357243,4183907897,3.70387535382996
4183907752,2049594060,5.61350674172858
2048462977,2048462963,7.611981207984231
2049605116,2049605101,13.2623973528078
4181719242,2049605101,5.70593443566779
4184001076,4184001074,4.11170188007749
4184001074,2204149202,4.25742596657794
1326196553,2204149202,4.0658891083848605
2048462896,7520731937,5.497889744906
1967126050,1967126060,13.2266063312158
2049605125,4181719258,4.86062484720479
4181719254,4181719258,11.2785072735895
4181719225,4181719222,2.20827975429467
2049605099,7528355423,4.03338856841422
4183907891,2049594102,4.37175351136082
2048462979,2048462924,13.3896534448678
2049594009,2049594063,7.16105229276958
2049594060,2049594009,3.5231906756833
2049593963,2049594009,5.50385913056798
1326160737,7527831198,3.60803653602116
2280678738,4184001076,4.01857588164386
7517374410,2048462931,3.9355176782123897
2048462928,2048462996,3.94488051197906
7528355333,2049605116,1.85260082424313
2048462996,2048462977,3.2462562701117905
7509242898,4182374178,3.34865410591685
2048462971,2048462902,2.13954435529532
2048462994,2048462902,6.63255875379213
2048462961,2048463006,12.3150108912837
867095689,7520731931,10.971440344594601
4181719244,2049605117,2.26144952599576
2152737453,3828399462,3.73371062613491
7520731931,6391202156,13.522612116154201
6391202156,1904250965,5.618172843518
2048462892,5603927915,9.47703244590346
7517374407,7517374410,4.43675781726235
286490247,4181719233,3.42524724960692
2049605095,2049605128,12.193404952803201
4183907897,4183907896,4.03651435593044
7516324198,2049605126,2.84993081640688
4181719253,2049605125,3.50434372390031
2049605116,2049605125,1.1643493892049999
2049605110,2049605098,12.6967281740012
2049605097,4181719225,7.41648455260413
2048462922,2048462961,6.958942528553381
1326160720,7509242898,3.30552965520702
4183907898,7517357243,0.23660678820137
2048462902,4183907900,3.5253688574557698
2048462998,4183907900,6.58231644771398
2049594033,4183907891,8.391006360805331
7528355423,4181719227,4.72018512981239
1326196601,4184001066,2.2090198467254902
860338551,4631791324,2.45682769891575
917142672,733859234,7.62846434366335
2152737481,2152737448,3.43983404216644
3828399464,2048462875,3.52501636774479
4182374183,4182374185,3.9037217656720897
2048415315,2048415316,5.65308379794538
2049594009,2049594017,3.7495046178938205
2049594052,2049594017,5.6307085794683704
5603927915,2048462866,4.63827663084485
2048462920,2048462965,3.9397806584232904
1967126050,1326160737,5.04347226014718
1326160786,1326160737,3.54098325946737
4182374185,2280678757,4.05088531723487
2048462937,3828399464,5.46398730751629
4181719222,2049605094,6.38502159177919
4670358037,2048462914,14.1714021838609
4181719256,7516324198,13.1553013183225
2204149207,4182374180,3.64991090057541
2049594039,2049594099,12.806839972421901
2048463014,2048462896,17.012835264310702
2048462900,7517374407,5.76284498712651
917142602,2048462922,8.643285637688681
4181719257,4181719232,11.8954983213448
2049594089,2049594100,3.68010233443977
2048462941,2048462908,14.2398645261385
2048462875,2048462928,9.365251512556359
1967126053,1967126050,4.31880227924037
2048415322,2048415323,6.629044437374171
2049594031,2049593982,7.94752613124196
2049594089,2049593982,5.63140340113622
2049594060,2049593996,7.15935080662761
4181719226,4181719256,7.928324790609819
4183907900,4183907899,3.81592203232292
2048462933,4183907899,6.553116938192081
2049605096,4181719253,3.73543854596575
2049605107,4181719226,8.194413386157581
2049605117,7528355333,3.6616691034343902
4181719239,4181719254,3.43214969585297
2048462977,2048462920,0.44728981770864296
2048462875,2048463002,6.44534811985083
4183907896,2048463002,9.15854361692178
4181719227,2049605112,7.511813573433931
2152737448,2152737453,7.70430211143117
2049594017,2049593967,7.19993252240017
2048462920,4183907898,6.743900475102301
4183907899,4183907898,3.63238118147893
2048463009,3828399217,7.14440869162672
2204149207,1326160720,6.5805901695721
2049605101,4181719239,5.21559852148005
2048462965,2048462967,3.7244506076630004
2049594017,2049594089,3.4583057258410697
2049594045,2049594089,7.085783733482179
2280678782,1967126053,6.114528951467721
1967126066,1967126053,13.057538475525899
4181719258,4181719257,3.78882693527462
4182374188,2477255855,7.426997458013029
355063396,4183907894,8.18083018815844
4182358258,1326160761,13.2146158858418
4184001079,2280678776,6.8395838781919
4182381091,4182374188,10.9276066617376
2477250032,2477250030,12.2048014313234
4784810914,1433691625,15.2212829545366
2110338712,596482732,8.71859488208765
1326157669,1872569976,11.3680155207411
4182374184,1967126066,2.61497356323643
4182374181,4182374178,3.6714840345183397
3958794766,4182358258,11.4579155301301
4182374182,1967126060,2.76996574527212
2477250028,2477250029,12.4310399036693
4181601814,1905044342,5.7269382959429205
2280678763,4184001079,6.15261475190703
4182374178,4182381091,7.60377007464852
2477250033,2477250032,4.98001394381239
7527831655,1326157669,13.202168190346502
5418416227,2280678763,6.49470561146974
2280678769,4182374184,3.75932981155792
1967126060,4182374181,0.951227131820476
1326157669,1326157577,5.72531784697097
2280678776,2280678793,14.074845791783499
4183907890,2477254528,10.0571163664329
1872569976,3958794766,10.957304041460201
1326160761,2280678799,17.2363285932901
1967126066,4182374182,1.5479404512608101
2477256597,4182381105,9.96512607746549
2477250031,2477250028,4.74056090238713
2477250032,2477250028,5.82386407383028
2280678738,5418416227,6.877747134341919
2477250029,4183907890,10.6069908713698
596482732,4181601814,15.6003211093071
2750509426,4182358250,8.934594026284241
597262570,871417860,4.04425355894416
2280678809,2280678832,12.342186944702501
2280678782,2280678769,13.055102908921
871417860,597262567,5.80107614776782
2280678832,2280678834,14.7122657294296
597262567,860338458,7.89513074527332
860338441,872558301,3.63276263075736
860338496,597262570,5.7673018265539
1326196503,4184001062,10.7862182191469
2280678799,2280678782,14.0908375389451
860338458,1904250965,4.55267600722678
2280678799,2280678793,2.2999640385887803
4182374187,2280678757,6.925727806038241
3734588280,860338496,6.374789059372111
5034061187,2280678809,14.2559390586418
7516324183,860338523,6.9385586601355005
4182358245,2110338712,7.938288910606071
2280678836,2280678841,17.1338782514721
4184001067,1326196503,5.3678986551509
2280678843,2280678847,20.0784684894712
1904250965,860338519,13.526432770762302
2280678769,4182374187,6.47667349957584
2280678793,5034061187,1.66401186671734
872558301,597262591,6.540970691503119
2280678834,2280678836,16.8898229294234
1326196480,4183978805,4.5680253848264005
2280678793,4184001083,4.27058009787488
4183907889,2280678843,9.82561927486733
4184001062,1326196480,10.2514173443478
2280678847,2280678849,14.4200605909242
860338519,7516324183,12.989450095275199
2280678841,4183907889,10.4686190356501
860338523,4182358245,3.8810310299201602
4184001083,4184001067,3.7580543664012303
2048463014,846808285,6.26934363509067
3828399217,3828399228,6.0820296956736
3828399523,3828399526,12.3220145156832
4784810914,2048463014,8.80584512283858
846808297,846808358,13.4949024849886
3828399517,3828399502,12.6785481154847
3828399533,3828399535,6.06491857311208
3828399518,3828399523,13.320207612404399
3828399254,3828399462,7.354617141316091
3828399515,3828399497,12.6385445909232
846808285,2048415323,5.82693035112598
4685473178,846808297,5.47550257030826
3828399464,3828399252,6.03999312363406
7535653477,7535653478,7.828175378046611
7535653478,3828399527,2.25830700133607
3828399552,7535653477,5.09622327403477
3828399483,3828399470,8.01718171134474
3828399492,3828399477,8.03870965758301
3828399521,3828399508,10.113374927483601
3828399488,3828399475,8.05369203813793
3828399508,3828399506,6.10686335346443
2048415323,4685473178,2.94865513838911
846808358,436862086,7.42501081188999
3828399504,3828399489,7.98741974593094
3828399500,3828399485,8.01572941337721
2477256597,3958794768,7.88575744190903
3958794766,1326160762,5.55945269025581
1326157577,2477256597,3.8230544452334696
3958794767,1326160762,6.338690850117031
4182381107,3958794765,4.4435678730098305
4182381101,4182381103,2.80279675351462
4182381099,1326160738,8.11672395529412
3958794768,3958794767,6.07581654164039
1326160762,4182381101,3.2651181728787697
4182381109,4182381107,3.4748162368059297
4182381103,4182381099,6.37481611598174
3958794767,4182381109,10.781322453004
4131923356,4062918115,10.1261164683287
2048462924,355403569,3.7689065621564097
4183907901,4183907903,6.12629886873153
2048462926,2048462929,12.0944657526393
1433691563,846808285,8.35152986111982
597262509,597262494,3.04304239336202
2770015875,597262512,6.08724803520117
597262496,597262509,2.9585566899345
4181658454,597262493,2.41184857554438
3828399527,765870499,5.9807515193425305
872558281,872558346,1.1292612688893802
860338538,4182358249,3.27520939507027
355063396,894391710,6.6531769371643605
872558268,872558220,4.1440887483158
860338593,860338489,2.88679454475636
860338576,7527831185,0.0649193167052497
4182358249,860338560,5.40055613200208
2049594045,4183907788,3.95501663089206
872558220,872558232,12.4703327334221
860338527,860338424,2.93855610724244
4182358260,7516324196,6.140893542645101
4182222512,872558176,5.14183189954279
4182218097,4182218098,5.91332952529228
4182218089,917142676,12.6863297815145
872558227,872558180,4.27492470823223
860338493,875533131,5.97076430417483
872558269,872558286,7.5858587587478095
2048462896,355063181,8.85664024431437
4183907766,4183907768,10.3306566730211
860338424,860338478,1.02122736201362
872558232,872558227,6.44860043567585
1326196495,4183978806,4.69504251817954
4182381101,4182381102,5.2973701812087
1433691588,4309803045,4.74132894199793
4182381103,4182381104,5.49698768558455
1326196616,1326196516,0.902264738635305
4309803045,4309645208,4.65373351836027
4182381096,4182381095,3.22290770510336
1326196538,1326196616,2.78308149079235
4182381095,4182381091,3.22220316346314
4309649389,4184001063,4.71502969124104
4183978819,4183978820,8.01090736796683
1326196584,1326196568,3.67295966247707
1326196582,1326196546,3.74289681078643
2049605096,2049605128,2.81868946060996
2049594052,2049593963,3.3933038588971
4183864403,4183907896,6.55699897614449
2049594099,2049594033,3.83322808929221
2048462866,2048462998,2.8936565069876
2048462929,2048462871,5.64934694361971
355127303,2048462933,0.631526899908202
2048463009,2048462890,2.0494608801926697
2049594043,2049594102,0.300436707158563
4181719257,2049605096,3.5696304415537496
2048462922,2048462924,3.6728521687716302
2049593982,2049594052,3.5113078775999496
2048462994,2048462866,0.736159590363157
4183907899,2048462965,6.7936517958313205
917142479,2152737481,8.06598015995166
4183864403,2048462931,6.10087233203364
4183907897,2048462996,6.838415616307481
4183864404,2048462994,5.28143996442076
875533155,3689211653,7.0142446647317795
917142659,3689211646,5.54770573167065
860338536,860338519,4.23403057897621
1326196557,4183978805,13.349730666458601
2477254528,2280678843,5.3455801064037205
4183857879,3828399527,6.17014599736149
1326160738,3958794765,5.90418756993689
4182374188,1326160738,6.584734166423649
4183870290,355065354,14.0909551499087
4183907893,355403698,13.3235258965248
2048462890,4183864403,4.04560062842486
4181719233,4181719235,8.35222228133927
2048462998,355127303,3.28066205595537
917142507,4183827341,7.180773959988341
597262499,597262496,0.785653630336949
4182222511,872558269,13.963174923289
597262512,597262499,2.19261429007022
3689211653,917142659,3.54484755081321
860338513,860338576,1.8439698158814501
4182358254,860338586,8.24561369683791
860338590,860338593,0.9846710450971979
4182218090,917142693,12.4934641697944
860338575,860338590,2.4223768330295803
860338433,860338566,3.2501653167363203
3828399506,917142479,2.47386612551717
4182218091,875533155,14.8491373022445
2049605097,1904250960,8.68520649295006
894391710,894391750,5.85560263965486
4183907890,5160235365,11.273785385896101
872558176,872558281,2.62001769265455
2049593963,4183907752,4.20381215282713
4183907764,4183907765,12.6851005283391
765870499,917142507,6.17092492431523
872558346,872558268,2.41430918835817
3689211646,860338493,6.81222090154908
4183978808,1326196534,9.94767457422645
4183978807,1326196495,4.7195993531596
4182381105,4182381106,7.19788192767639
3958794765,1326160742,6.03005457173414
4182381099,4182381100,6.08249033312589
4309645208,4309649389,4.52465511621249
4182381098,1326160714,11.0942068439699
4182381096,1326160759,11.0237325195569
1326196516,1326196645,3.77205383474345
4182381098,4182381096,3.44401638447741
4184001066,1326196582,1.48194701776059
4183978804,1326196584,3.86141044115789
4182381095,1326160790,10.9364347593641
1326196568,1326196538,3.65602790018403
4183937324,1433691621,21.6607743126688
2048462918,2048462951,2.93563948765301
2048462931,2048462914,2.9906349259359
355065354,2048462896,6.42410151681441
2048463006,2048462922,6.94300422722244
2049594102,2049593994,3.24062443459479
2049605095,4181719232,6.72747013883873
4183907751,2048463006,6.88673614868801
2048462933,2048462908,2.59570902130478
4183907896,2048462928,6.760534247885199
2049605126,2049605122,4.14803386737432
2049605110,2049605095,3.43490729334433
2049593967,2049594045,3.47133004885631
4181719256,2049605112,6.07494714697214
2049593994,2049594039,0.567216901885097
2049594063,2049593967,3.5061416788615802
4183907900,2048462967,6.78046476482843
2048462871,2048462918,3.03044672243457
4183907889,4183907890,5.39950595775518
1326196645,1326196480,8.3483572324605
860338510,4182358245,4.776120596604111
4183857878,3828399506,10.2222667748267
4182381106,4182381107,6.05296060103813
4182381108,4182381109,6.03257588457209
1326196629,4062918115,9.18094454758823
7520731926,4182358248,10.5976278912601
5418416222,4184001083,7.47290346622731
7535653444,2049605117,4.55918997640288
4182374186,4182374181,6.36444604160618
7535661792,860338527,1.6288928625254002
4309926435,4183907771,6.35724210377858
7516311161,872558391,4.9510825649696795
4183907758,4183907781,7.65873190118472
4183907758,917142533,12.888505733040699
917142519,2049593982,3.8731189390997303
917142519,355063175,7.864250100860749
7528331028,4183978807,5.95686473008299
4184001060,4184001061,10.5432074134855
7531811471,7517357227,4.03817523330179
4183907777,4183907774,5.60305216406178
4182358251,860338536,3.17533645535813
2049593965,2049594063,3.29193261471258
4181719201,2049605126,3.4920209614638
7516324184,860338515,5.1091794171913
5418415514,4184001065,6.21470889112234
860338457,860338433,2.24807208880612
917142522,2049594099,5.2205968656973605
4309970802,4182374185,7.01197194045528
4309970802,4182374187,3.97125359289317
4183907755,2477254528,0.908506217469989
4183907775,4183907763,6.51271422853047
4182358244,860338538,2.76630722719242
860338567,860338548,2.3616778738258
5418415515,1326196647,5.36901316445884
5164654697,2049593996,3.13264419695679
7528355421,4181719257,3.17059747316147
597262516,597262529,5.71365478492679
4685480484,355065354,5.34037120076664
2048462969,2048463009,1.92770079944409
4183907892,2049594100,2.4121169979562103
7520731933,2049594043,3.63367657712375
7520731924,4181601814,4.49426034466452
7531811478,1326196557,8.27650023670037
7517374405,2048462926,7.6526013290734
1326196555,1433691588,3.47541630486891
7509242897,4182381094,3.28006359622929
597262474,597262591,4.354935439263
5418416221,4184001068,6.991471817927
860338504,860338582,3.10418108434867
5034061178,1326157669,1.9935956415454001
4184001077,2280678763,3.87336896929869
5034061183,860338575,6.35043865429548
4181719252,4181719253,7.17843541780788
4181719221,4181719256,5.64171943114047
4181719221,4181719222,9.107220505696679
4184001073,4184001074,6.81725670187313
2049605129,2049605098,3.99546008674695
4183907778,917142516,5.647648799727071
4181719223,4181719226,4.64553897040488
5034061180,4182358253,5.9682380369256105
4696023740,2770015875,2.60822425855153
765870482,4183827341,1.34434418020432
7520731927,2049605094,4.04314707461235
7509242894,1326160720,3.73744991069443
4309797294,4182374183,7.0390382284090505
4183907757,4183907756,12.9516794624395
7520731936,846808297,4.36671010208035
7520731929,860338581,0.264261617450265
4183907759,4183907760,12.960030947324
4182381097,4182381098,3.19114279800852
4182381097,1326160737,7.458918227379461
1326196613,4183978814,8.35046578070188
4182358247,7520731926,5.60815983717939
4184001081,5418416222,6.38261747336237
7528355329,7535653444,3.8151965686753497
4182374180,4182374186,6.95024687340715
860338566,7535661792,1.27010694712193
872558180,2280678848,5.23353171086022
4183907769,4309926435,6.29710979524414
4183907775,4309926435,3.8386261698158597
5418415936,5034061190,10.1055478069523
597262546,7516311161,5.03512157899099
4183907759,4183907758,5.75054343184457
4183907754,4183907758,7.21259000638001
2049594039,917142627,5.440202721353041
2049594033,917142519,7.98827769991613
2049594100,917142519,5.7103130742098696
1326196629,7528331028,3.51265200274475
4184001079,4184001082,3.16733417639057
7509242927,4184001082,7.0159837901068
355403884,7531811471,4.88075641525875
4183907776,4183907777,0.67270638850232
860338581,4182358251,3.61966947902622
2049593996,2049593965,0.27561874739216397
917142676,7483879014,6.73447485156124
4181719239,4181719201,2.7225138432954603
4182358251,7516324184,12.7232761208537
2048462951,2048462886,2.90865807776017
4670358031,4670358030,3.16169459007428
4183978793,5999695911,0.39967504312748503
4184001064,5418415514,5.50764631370145
860338582,860338457,0.848987445816481
860338504,860338457,7.30066787495289
2049593963,4183907787,6.2098884209867
4309797294,4309970802,3.97496349834438
4182374184,4309970802,6.37326053321435
4182218103,4182218104,3.71385400429605
4182218102,4182218104,1.72871996438163
5164654699,4183907755,4.72700846084928
4183907754,5164654699,5.32319885801002
4309926435,4183907776,3.86105617829368
4183907779,4183907776,2.7622258687952703
4183907762,4183907775,6.15690849526666
4670358030,355126399,3.19589558498133
7527831185,4182358244,2.87290779440678
4182358243,4182358244,9.0061826834758
894391750,4406703966,5.19831294424728
4182358259,860338567,9.49074580736541
4182358262,860338567,10.5293105856655
1433691588,5418415515,6.03892266265077
4183907753,5164654697,3.38795711925491
2049605112,7528355421,3.36489518620629
7516324181,4631778956,8.37376954408046
597262494,597262516,3.1028328254317
4181719246,7528355334,1.82245279979665
4182218107,4182218108,3.5987566385217904
4182218112,4182218113,3.3989945440091502
4182218110,4182218111,3.59478648663898
4183870289,4685480484,9.78912383747187
7517357243,2048462969,6.58923198980291
2048462908,2048462969,0.934842852177527
4184001080,4184001072,6.1433871001553
1326196647,4184001072,4.41674334362098
4181719242,7528355329,3.9577294311792897
4183907788,4183907892,4.61925095093672
4183907891,4183907892,8.064567011130439
4183907788,7520731933,3.98483979136467
7531811480,4183978823,3.3399222412735297
1326196534,4183978823,5.70913874855475
4182218109,4182218100,3.63194394262745
4183907772,4183907779,3.6336404906772897
597262529,7520731924,3.44507943079659
4183978799,5999764816,12.460372078735
2049605117,4181719246,1.2420802859453501
4184001076,4184001078,6.78182115027731
5418416227,4184001078,3.9333577465705702
4183978806,7531811478,5.94187478049001
4183907750,7517374405,4.6800473787536605
7528355334,4181719248,0.760844300796774
1326196546,1326196555,3.8347228860701796
4183978804,1326196555,7.0580214411837
4183907784,4183907785,7.862381579691361
4182381091,7509242897,3.50718367596929
4183937324,436862084,20.752472984498702
2048462914,4670358031,2.90264749752376
597262560,597262474,5.95097506925128
4184001067,5418416221,7.418705566507791
4184235072,894391727,7.90233983956273
4406703966,894391727,5.936888978420621
7527831195,860338504,1.90794509117701
860338560,5034061178,5.6492411832455
4184001072,4184001077,3.9617372994787403
4184001078,4184001077,6.569236604122151
4182358258,5034061183,1.51796605450194
4183907761,4183907780,3.69226213520858
4183907779,4183907780,4.8571678354835495
4181719250,4181719252,2.22573519298189
2049605094,4181719221,2.92205474241211
4184001072,4184001073,6.507419252333681
4184001078,4184001073,4.23109262772471
917142693,917142696,14.1861201936816
917142516,355063399,7.980424891275151
2048462928,355063399,7.629458517939921
4181719220,4182358246,6.32610999897284
4182218099,4182218102,2.1884377888122097
4182218101,4182218102,3.66955729363289
2049605128,2049605129,4.40364196555175
4181719252,2049605129,3.80415445558286
7483879014,7516311144,8.824675087144119
4182358248,7516324185,8.765867064137321
4183907777,4183907778,4.2231596514302305
4183907780,4183907778,3.5873533397529003
4182358246,7516324181,3.3260892627252803
4181719225,4181719223,4.09652490257091
860338489,7527831195,1.15116408980654
4696023742,4696023740,4.23483075127072
4181601814,4182358247,7.932867623065969
4631778956,4182358247,3.5282160988817504
917142533,765870482,14.3676097989619
1326196580,7531811480,4.68943795857818
4182358247,7520731927,2.41249612663159
4182381094,7509242894,3.89179469961953
4182374182,4309797294,6.34057132590849
4182374186,4309797294,3.7414444041451196
4183907755,4183907757,7.17854621621388
4183907782,4183907783,7.93716778659108
1433691621,7520731936,3.98433895304779
872558286,1904250963,8.49658653974503
860338548,7520731929,3.55443580585069
2049605122,4181719220,4.43466546459746
4184001068,4184001080,7.10080866655734
4184001082,4184001080,4.05321921495005
7528355335,4181719250,1.32369044815444
4183907757,4183907759,4.46582524633453
4182381093,4182381097,1.71600785254194
4182381092,4182381097,11.5506908716829
5999764816,4183978793,2.4176787336934398
4181719248,7528355335,1.3028772335931
2280678849,2280678850,1.31680121837658
2280678835,2280678833,14.812036137228699
3734588280,2280678835,16.842216025166103
917142666,917142647,11.1047556173081
355404270,355063181,15.4338672822397
2280678850,2280678851,7.42900338657967
4183907894,2048462945,7.20942654016261
2280678850,733859234,2.64178975742092
917142770,595750358,15.447616661279401
355063181,4784810914,17.20523461178
733859260,2280678848,14.768396829420201
355126399,355065351,14.0728007893657
4183907894,355404270,16.2275462264275
733859234,733859260,1.26112539364448
733859234,860338537,6.38811851265668
917142647,917142757,14.917603486880699
2280678848,2280678844,19.6283281676926
2280678833,2280678827,12.4268176151963
2280678844,2280678842,20.4915673208035
860338537,917142666,11.5545693429316
917142757,917142770,13.9225611130603
2280678851,2280678853,6.003727232629609
3828399552,2280678854,6.05390684273178
2280678842,3734588280,16.8093507487111
733859260,2280678849,2.64852807653314
2280678853,3828399552,6.16137803941552
2280678849,765870482,15.4596586768158
4183937375,1433691582,10.7367392495877
4406703963,4406703965,2.3561842756778697
597262605,355126399,8.92430904770492
4406703967,4406703966,4.53694219591856
3828399480,2048462937,6.718987177874899
5034061186,2280678799,1.68193115191491
2048462937,597262605,5.31457217243733
4406703970,4406717370,1.22806152217989
4406703974,4406717373,3.16955894439496
917142626,917142515,12.6412290805273
4406703974,4406703958,8.31832322104583
4406703955,4406703974,4.23774443395473
4406703974,4406703967,7.6045363506483294
4406703970,4406703969,6.30144778191569
4406703967,4406703970,2.17849637925657
4183978805,436861500,8.3645251542059
765870482,917142626,7.7542550470201705
2280678827,5034061186,14.216233863911
